Insurance Name,Insurance Phone
HORIZON BCBS OF NJ BLUECARD,800-355-2583
AETNA,800-872-3862
CIGNA,800-997-1654
Medicare of NJ,800-633-4227
MEDICARE OF NJ,800-633-4227
HORIZON BCBS OF NJ,800-355-2583
EMPIRE BCBS,800-355-2583
LIBERTY MUTUAL,800-225-2467
BCBS,800-355-2583
Boon Chapman Benefit Administration,800-555-1234
UTICA NATIONAL,800-274-4774
PMA MGMT CORP WC,800-555-5678
AETNA ST JOE'S EMPLOYEES,800-872-3862
BRAVEN HEALTH,800-555-9012
NJ MANUFACTORS WC,800-555-3456
NJ MANUF NF,800-555-3456
GEICO,800-841-3000

